<?xml version="1.0" encoding="utf-8"?>
<databaseChangeLog
    xmlns="http://www.liquibase.org/xml/ns/dbchangelog"
    xmlns:ext="http://www.liquibase.org/xml/ns/dbchangelog-ext"
    xmlns:xsi="http://www.w3.org/2001/XMLSchema-instance"
    xsi:schemaLocation="http://www.liquibase.org/xml/ns/dbchangelog http://www.liquibase.org/xml/ns/dbchangelog/dbchangelog-latest.xsd
                        http://www.liquibase.org/xml/ns/dbchangelog-ext http://www.liquibase.org/xml/ns/dbchangelog/dbchangelog-ext.xsd">

    <!--
        Added the entity Project.
    -->
    <changeSet id="20240109181531-1" author="jhipster">
        <createTable tableName="project">
            <column name="id" type="bigint" autoIncrement="true" startWith="1500">
                <constraints primaryKey="true" nullable="false"/>
            </column>
            <column name="title_ar" type="varchar(100)">
                <constraints nullable="false" />
            </column>
            <column name="title_lat" type="varchar(100)">
                <constraints nullable="false" />
            </column>
            <column name="description" type="${clobType}">
                <constraints nullable="true" />
            </column>
            <column name="goals" type="${clobType}">
                <constraints nullable="true" />
            </column>
            <column name="requirements" type="${clobType}">
                <constraints nullable="true" />
            </column>
            <column name="image_link" type="${blobType}">
                <constraints nullable="true" />
            </column>
            <column name="image_link_content_type" type="varchar(255)">
                <constraints nullable="true" />
            </column>
            <column name="video_link" type="${clobType}">
                <constraints nullable="true" />
            </column>
            <column name="budget" type="double">
                <constraints nullable="false" />
            </column>
            <column name="is_active" type="boolean">
                <constraints nullable="true" />
            </column>
            <column name="activate_at" type="${datetimeType}">
                <constraints nullable="true" />
            </column>
            <column name="start_date" type="date">
                <constraints nullable="true" />
            </column>
            <column name="end_date" type="date">
                <constraints nullable="true" />
            </column>
            <column name="site12_id" type="bigint">
                <constraints nullable="true" />
            </column>
            <column name="type_project_id" type="bigint">
                <constraints nullable="true" />
            </column>
            <!-- jhipster-needle-liquibase-add-column - JHipster will add columns here -->
        </createTable>
        <dropDefaultValue tableName="project" columnName="activate_at" columnDataType="${datetimeType}"/>
    </changeSet>

    <!-- jhipster-needle-liquibase-add-changeset - JHipster will add changesets here -->

    <!--
        Load sample data generated with Faker.js
        - This data can be easily edited using a CSV editor (or even MS Excel) and
          is located in the 'src/main/resources/config/liquibase/fake-data' directory
        - By default this data is applied when running with the JHipster 'dev' profile.
          This can be customized by adding or removing 'faker' in the 'spring.liquibase.contexts'
          Spring Boot configuration key.
    -->
    <changeSet id="20240109181531-1-data" author="jhipster" context="faker">
        <loadData
                  file="config/liquibase/fake-data/project.csv"
                  separator=";"
                  tableName="project"
                  usePreparedStatements="true">
            <column name="id" type="numeric"/>
            <column name="title_ar" type="string"/>
            <column name="title_lat" type="string"/>
            <column name="description" type="clob"/>
            <column name="goals" type="clob"/>
            <column name="requirements" type="clob"/>
            <column name="image_link" type="blob"/>
            <column name="image_link_content_type" type="string"/>
            <column name="video_link" type="clob"/>
            <column name="budget" type="numeric"/>
            <column name="is_active" type="boolean"/>
            <column name="activate_at" type="date"/>
            <column name="start_date" type="date"/>
            <column name="end_date" type="date"/>
            <!-- jhipster-needle-liquibase-add-loadcolumn - JHipster (and/or extensions) can add load columns here -->
        </loadData>
    </changeSet>
</databaseChangeLog>
