<?xml version="1.0" encoding="utf-8"?>
<databaseChangeLog
    xmlns="http://www.liquibase.org/xml/ns/dbchangelog"
    xmlns:ext="http://www.liquibase.org/xml/ns/dbchangelog-ext"
    xmlns:xsi="http://www.w3.org/2001/XMLSchema-instance"
    xsi:schemaLocation="http://www.liquibase.org/xml/ns/dbchangelog http://www.liquibase.org/xml/ns/dbchangelog/dbchangelog-latest.xsd
                        http://www.liquibase.org/xml/ns/dbchangelog-ext http://www.liquibase.org/xml/ns/dbchangelog/dbchangelog-ext.xsd">

    <!--
        Added the entity SessionInstance.
    -->
    <changeSet id="20240109181131-1" author="jhipster">
        <createTable tableName="session_instance">
            <column name="id" type="bigint" autoIncrement="true" startWith="1500">
                <constraints primaryKey="true" nullable="false"/>
            </column>
            <column name="title" type="varchar(100)">
                <constraints nullable="false" />
            </column>
            <column name="session_date" type="date">
                <constraints nullable="false" />
            </column>
            <column name="start_time" type="${datetimeType}">
                <constraints nullable="false" />
            </column>
            <column name="duration" type="integer">
                <constraints nullable="false" />
            </column>
            <column name="info" type="${clobType}">
                <constraints nullable="true" />
            </column>
            <column name="attendance" type="varchar(255)">
                <constraints nullable="false" />
            </column>
            <column name="justif_ref" type="varchar(255)">
                <constraints nullable="true" />
            </column>
            <column name="is_active" type="boolean">
                <constraints nullable="false" />
            </column>
            <column name="site16_id" type="bigint">
                <constraints nullable="true" />
            </column>
            <column name="session1_id" type="bigint">
                <constraints nullable="true" />
            </column>
            <!-- jhipster-needle-liquibase-add-column - JHipster will add columns here -->
        </createTable>
        <dropDefaultValue tableName="session_instance" columnName="start_time" columnDataType="${datetimeType}"/>
    </changeSet>

    <changeSet id="20240109181131-1-relations" author="jhipster">

        <createTable tableName="rel_session_instance__links">
            <column name="links_id" type="bigint">
                <constraints nullable="false"/>
            </column>
            <column name="session_instance_id" type="bigint">
                <constraints nullable="false"/>
            </column>
        </createTable>

        <addPrimaryKey columnNames="session_instance_id, links_id" tableName="rel_session_instance__links"/>

        <createTable tableName="rel_session_instance__course">
            <column name="course_id" type="bigint">
                <constraints nullable="false"/>
            </column>
            <column name="session_instance_id" type="bigint">
                <constraints nullable="false"/>
            </column>
        </createTable>

        <addPrimaryKey columnNames="session_instance_id, course_id" tableName="rel_session_instance__course"/>
    </changeSet>

    <!-- jhipster-needle-liquibase-add-changeset - JHipster will add changesets here -->

    <!--
        Load sample data generated with Faker.js
        - This data can be easily edited using a CSV editor (or even MS Excel) and
          is located in the 'src/main/resources/config/liquibase/fake-data' directory
        - By default this data is applied when running with the JHipster 'dev' profile.
          This can be customized by adding or removing 'faker' in the 'spring.liquibase.contexts'
          Spring Boot configuration key.
    -->
    <changeSet id="20240109181131-1-data" author="jhipster" context="faker">
        <loadData
                  file="config/liquibase/fake-data/session_instance.csv"
                  separator=";"
                  tableName="session_instance"
                  usePreparedStatements="true">
            <column name="id" type="numeric"/>
            <column name="title" type="string"/>
            <column name="session_date" type="date"/>
            <column name="start_time" type="date"/>
            <column name="duration" type="numeric"/>
            <column name="info" type="clob"/>
            <column name="attendance" type="string"/>
            <column name="justif_ref" type="string"/>
            <column name="is_active" type="boolean"/>
            <!-- jhipster-needle-liquibase-add-loadcolumn - JHipster (and/or extensions) can add load columns here -->
        </loadData>
    </changeSet>
</databaseChangeLog>
