<?xml version="1.0" encoding="utf-8"?>
<databaseChangeLog
    xmlns="http://www.liquibase.org/xml/ns/dbchangelog"
    xmlns:ext="http://www.liquibase.org/xml/ns/dbchangelog-ext"
    xmlns:xsi="http://www.w3.org/2001/XMLSchema-instance"
    xsi:schemaLocation="http://www.liquibase.org/xml/ns/dbchangelog http://www.liquibase.org/xml/ns/dbchangelog/dbchangelog-latest.xsd
                        http://www.liquibase.org/xml/ns/dbchangelog-ext http://www.liquibase.org/xml/ns/dbchangelog/dbchangelog-ext.xsd">

    <!--
        Added the entity Tickets.
    -->
    <changeSet id="20240109181331-1" author="jhipster">
        <createTable tableName="tickets">
            <column name="id" type="bigint" autoIncrement="true" startWith="1500">
                <constraints primaryKey="true" nullable="false"/>
            </column>
            <column name="subject" type="varchar(255)">
                <constraints nullable="false" />
            </column>
            <column name="title" type="varchar(100)">
                <constraints nullable="false" />
            </column>
            <column name="reference" type="varchar(100)">
                <constraints nullable="false" unique="true" uniqueConstraintName="ux_tickets__reference" />
            </column>
            <column name="description" type="${clobType}">
                <constraints nullable="true" />
            </column>
            <column name="justif_doc" type="${blobType}">
                <constraints nullable="true" />
            </column>
            <column name="justif_doc_content_type" type="varchar(255)">
                <constraints nullable="true" />
            </column>
            <column name="date_ticket" type="${datetimeType}">
                <constraints nullable="false" />
            </column>
            <column name="date_process" type="${datetimeType}">
                <constraints nullable="true" />
            </column>
            <column name="processed" type="varchar(255)">
                <constraints nullable="false" />
            </column>
            <column name="jhi_from" type="${datetimeType}">
                <constraints nullable="true" />
            </column>
            <column name="to_date" type="${datetimeType}">
                <constraints nullable="true" />
            </column>
            <column name="decision_detail" type="${clobType}">
                <constraints nullable="true" />
            </column>
            <column name="site18_id" type="bigint">
                <constraints nullable="true" />
            </column>
            <column name="user_custom5_id" type="bigint">
                <constraints nullable="true" />
            </column>
            <!-- jhipster-needle-liquibase-add-column - JHipster will add columns here -->
        </createTable>
        <dropDefaultValue tableName="tickets" columnName="date_ticket" columnDataType="${datetimeType}"/>
        <dropDefaultValue tableName="tickets" columnName="date_process" columnDataType="${datetimeType}"/>
        <dropDefaultValue tableName="tickets" columnName="jhi_from" columnDataType="${datetimeType}"/>
        <dropDefaultValue tableName="tickets" columnName="to_date" columnDataType="${datetimeType}"/>
    </changeSet>

    <!-- jhipster-needle-liquibase-add-changeset - JHipster will add changesets here -->

    <!--
        Load sample data generated with Faker.js
        - This data can be easily edited using a CSV editor (or even MS Excel) and
          is located in the 'src/main/resources/config/liquibase/fake-data' directory
        - By default this data is applied when running with the JHipster 'dev' profile.
          This can be customized by adding or removing 'faker' in the 'spring.liquibase.contexts'
          Spring Boot configuration key.
    -->
    <changeSet id="20240109181331-1-data" author="jhipster" context="faker">
        <loadData
                  file="config/liquibase/fake-data/tickets.csv"
                  separator=";"
                  tableName="tickets"
                  usePreparedStatements="true">
            <column name="id" type="numeric"/>
            <column name="subject" type="string"/>
            <column name="title" type="string"/>
            <column name="reference" type="string"/>
            <column name="description" type="clob"/>
            <column name="justif_doc" type="blob"/>
            <column name="justif_doc_content_type" type="string"/>
            <column name="date_ticket" type="date"/>
            <column name="date_process" type="date"/>
            <column name="processed" type="string"/>
            <column name="jhi_from" type="date"/>
            <column name="to_date" type="date"/>
            <column name="decision_detail" type="clob"/>
            <!-- jhipster-needle-liquibase-add-loadcolumn - JHipster (and/or extensions) can add load columns here -->
        </loadData>
    </changeSet>
</databaseChangeLog>
