<?xml version="1.0" encoding="utf-8"?>
<databaseChangeLog
    xmlns="http://www.liquibase.org/xml/ns/dbchangelog"
    xmlns:ext="http://www.liquibase.org/xml/ns/dbchangelog-ext"
    xmlns:xsi="http://www.w3.org/2001/XMLSchema-instance"
    xsi:schemaLocation="http://www.liquibase.org/xml/ns/dbchangelog http://www.liquibase.org/xml/ns/dbchangelog/dbchangelog-latest.xsd
                        http://www.liquibase.org/xml/ns/dbchangelog-ext http://www.liquibase.org/xml/ns/dbchangelog/dbchangelog-ext.xsd">

    <!--
        Added the entity Language.
    -->
    <changeSet id="20240109175131-1" author="jhipster">
        <createTable tableName="language">
            <column name="id" type="bigint" autoIncrement="true" startWith="1500">
                <constraints primaryKey="true" nullable="false"/>
            </column>
            <column name="name_ar" type="varchar(100)">
                <constraints nullable="false" unique="true" uniqueConstraintName="ux_language__name_ar" />
            </column>
            <column name="name_lat" type="varchar(100)">
                <constraints nullable="false" unique="true" uniqueConstraintName="ux_language__name_lat" />
            </column>
            <column name="code" type="varchar(10)">
                <constraints nullable="true" />
            </column>
            <!-- jhipster-needle-liquibase-add-column - JHipster will add columns here -->
        </createTable>
    </changeSet>

    <!-- jhipster-needle-liquibase-add-changeset - JHipster will add changesets here -->

    <!--
        Load sample data generated with Faker.js
        - This data can be easily edited using a CSV editor (or even MS Excel) and
          is located in the 'src/main/resources/config/liquibase/fake-data' directory
        - By default this data is applied when running with the JHipster 'dev' profile.
          This can be customized by adding or removing 'faker' in the 'spring.liquibase.contexts'
          Spring Boot configuration key.
    -->
    <changeSet id="20240109175131-1-data" author="jhipster" context="faker">
        <loadData
                  file="config/liquibase/fake-data/language.csv"
                  separator=";"
                  tableName="language"
                  usePreparedStatements="true">
            <column name="id" type="numeric"/>
            <column name="name_ar" type="string"/>
            <column name="name_lat" type="string"/>
            <column name="code" type="string"/>
            <!-- jhipster-needle-liquibase-add-loadcolumn - JHipster (and/or extensions) can add load columns here -->
        </loadData>
    </changeSet>
</databaseChangeLog>
