<?xml version="1.0" encoding="utf-8"?>
<databaseChangeLog
    xmlns="http://www.liquibase.org/xml/ns/dbchangelog"
    xmlns:ext="http://www.liquibase.org/xml/ns/dbchangelog-ext"
    xmlns:xsi="http://www.w3.org/2001/XMLSchema-instance"
    xsi:schemaLocation="http://www.liquibase.org/xml/ns/dbchangelog http://www.liquibase.org/xml/ns/dbchangelog/dbchangelog-latest.xsd
                        http://www.liquibase.org/xml/ns/dbchangelog-ext http://www.liquibase.org/xml/ns/dbchangelog/dbchangelog-ext.xsd">

    <!--
        Added the entity Diploma.
    -->
    <changeSet id="20240109175331-1" author="jhipster">
        <createTable tableName="diploma">
            <column name="id" type="bigint" autoIncrement="true" startWith="1500">
                <constraints primaryKey="true" nullable="false"/>
            </column>
            <column name="type" type="varchar(255)">
                <constraints nullable="false" />
            </column>
            <column name="title" type="varchar(100)">
                <constraints nullable="false" unique="true" uniqueConstraintName="ux_diploma__title" />
            </column>
            <column name="subject" type="${clobType}">
                <constraints nullable="true" />
            </column>
            <column name="detail" type="${clobType}">
                <constraints nullable="true" />
            </column>
            <column name="supervisor" type="${clobType}">
                <constraints nullable="true" />
            </column>
            <column name="grade" type="varchar(255)">
                <constraints nullable="true" />
            </column>
            <column name="graduation_date" type="date">
                <constraints nullable="true" />
            </column>
            <column name="school" type="${clobType}">
                <constraints nullable="true" />
            </column>
            <column name="attachment" type="${blobType}">
                <constraints nullable="true" />
            </column>
            <column name="attachment_content_type" type="varchar(255)">
                <constraints nullable="true" />
            </column>
            <column name="site20_id" type="bigint">
                <constraints nullable="true" />
            </column>
            <!-- jhipster-needle-liquibase-add-column - JHipster will add columns here -->
        </createTable>
    </changeSet>

    <!-- jhipster-needle-liquibase-add-changeset - JHipster will add changesets here -->

    <!--
        Load sample data generated with Faker.js
        - This data can be easily edited using a CSV editor (or even MS Excel) and
          is located in the 'src/main/resources/config/liquibase/fake-data' directory
        - By default this data is applied when running with the JHipster 'dev' profile.
          This can be customized by adding or removing 'faker' in the 'spring.liquibase.contexts'
          Spring Boot configuration key.
    -->
    <changeSet id="20240109175331-1-data" author="jhipster" context="faker">
        <loadData
                  file="config/liquibase/fake-data/diploma.csv"
                  separator=";"
                  tableName="diploma"
                  usePreparedStatements="true">
            <column name="id" type="numeric"/>
            <column name="type" type="string"/>
            <column name="title" type="string"/>
            <column name="subject" type="clob"/>
            <column name="detail" type="clob"/>
            <column name="supervisor" type="clob"/>
            <column name="grade" type="string"/>
            <column name="graduation_date" type="date"/>
            <column name="school" type="clob"/>
            <column name="attachment" type="blob"/>
            <column name="attachment_content_type" type="string"/>
            <!-- jhipster-needle-liquibase-add-loadcolumn - JHipster (and/or extensions) can add load columns here -->
        </loadData>
    </changeSet>
</databaseChangeLog>
