<?xml version="1.0" encoding="utf-8"?>
<databaseChangeLog
    xmlns="http://www.liquibase.org/xml/ns/dbchangelog"
    xmlns:ext="http://www.liquibase.org/xml/ns/dbchangelog-ext"
    xmlns:xsi="http://www.w3.org/2001/XMLSchema-instance"
    xsi:schemaLocation="http://www.liquibase.org/xml/ns/dbchangelog http://www.liquibase.org/xml/ns/dbchangelog/dbchangelog-latest.xsd
                        http://www.liquibase.org/xml/ns/dbchangelog-ext http://www.liquibase.org/xml/ns/dbchangelog/dbchangelog-ext.xsd">

    <!--
        Added the entity Surahs.
    -->
    <changeSet id="20240109182331-1" author="jhipster">
        <createTable tableName="surahs">
            <column name="id" type="integer" autoIncrement="true" startWith="1500">
                <constraints primaryKey="true" nullable="false"/>
            </column>
            <column name="number" type="integer">
                <constraints nullable="true" />
            </column>
            <column name="name_ar" type="${clobType}">
                <constraints nullable="true" />
            </column>
            <column name="name_en" type="${clobType}">
                <constraints nullable="true" />
            </column>
            <column name="name_en_translation" type="${clobType}">
                <constraints nullable="true" />
            </column>
            <column name="type" type="${clobType}">
                <constraints nullable="true" />
            </column>
            <column name="created_at" type="${datetimeType}">
                <constraints nullable="true" />
            </column>
            <column name="updated_at" type="${datetimeType}">
                <constraints nullable="true" />
            </column>
            <!-- jhipster-needle-liquibase-add-column - JHipster will add columns here -->
        </createTable>
        <dropDefaultValue tableName="surahs" columnName="created_at" columnDataType="${datetimeType}"/>
        <dropDefaultValue tableName="surahs" columnName="updated_at" columnDataType="${datetimeType}"/>
    </changeSet>

    <!-- jhipster-needle-liquibase-add-changeset - JHipster will add changesets here -->

    <!--
        Load sample data generated with Faker.js
        - This data can be easily edited using a CSV editor (or even MS Excel) and
          is located in the 'src/main/resources/config/liquibase/fake-data' directory
        - By default this data is applied when running with the JHipster 'dev' profile.
          This can be customized by adding or removing 'faker' in the 'spring.liquibase.contexts'
          Spring Boot configuration key.
    -->
    <changeSet id="20240109182331-1-data" author="jhipster" context="faker">
        <loadData
                  file="config/liquibase/fake-data/surahs.csv"
                  separator=";"
                  tableName="surahs"
                  usePreparedStatements="true">
            <column name="id" type="numeric"/>
            <column name="number" type="numeric"/>
            <column name="name_ar" type="clob"/>
            <column name="name_en" type="clob"/>
            <column name="name_en_translation" type="clob"/>
            <column name="type" type="clob"/>
            <column name="created_at" type="date"/>
            <column name="updated_at" type="date"/>
            <!-- jhipster-needle-liquibase-add-loadcolumn - JHipster (and/or extensions) can add load columns here -->
        </loadData>
    </changeSet>
</databaseChangeLog>
