<?xml version="1.0" encoding="utf-8"?>
<databaseChangeLog
    xmlns="http://www.liquibase.org/xml/ns/dbchangelog"
    xmlns:ext="http://www.liquibase.org/xml/ns/dbchangelog-ext"
    xmlns:xsi="http://www.w3.org/2001/XMLSchema-instance"
    xsi:schemaLocation="http://www.liquibase.org/xml/ns/dbchangelog http://www.liquibase.org/xml/ns/dbchangelog/dbchangelog-latest.xsd
                        http://www.liquibase.org/xml/ns/dbchangelog-ext http://www.liquibase.org/xml/ns/dbchangelog/dbchangelog-ext.xsd">

    <!--
        Added the entity Quiz.
    -->
    <changeSet id="20240109180231-1" author="jhipster">
        <createTable tableName="quiz">
            <column name="id" type="bigint" autoIncrement="true" startWith="1500">
                <constraints primaryKey="true" nullable="false"/>
            </column>
            <column name="quiz_type" type="varchar(255)">
                <constraints nullable="true" />
            </column>
            <column name="quiz_title" type="varchar(100)">
                <constraints nullable="false" />
            </column>
            <column name="quiz_description" type="${clobType}">
                <constraints nullable="true" />
            </column>
            <column name="deadline" type="${datetimeType}">
                <constraints nullable="false" />
            </column>
            <column name="is_active" type="boolean">
                <constraints nullable="false" />
            </column>
            <column name="site7_id" type="bigint">
                <constraints nullable="true" />
            </column>
            <column name="topic1_id" type="bigint">
                <constraints nullable="true" />
            </column>
            <!-- jhipster-needle-liquibase-add-column - JHipster will add columns here -->
        </createTable>
        <dropDefaultValue tableName="quiz" columnName="deadline" columnDataType="${datetimeType}"/>
    </changeSet>

    <changeSet id="20240109180231-1-relations" author="jhipster">

        <createTable tableName="rel_quiz__groups">
            <column name="groups_id" type="bigint">
                <constraints nullable="false"/>
            </column>
            <column name="quiz_id" type="bigint">
                <constraints nullable="false"/>
            </column>
        </createTable>

        <addPrimaryKey columnNames="quiz_id, groups_id" tableName="rel_quiz__groups"/>

        <createTable tableName="rel_quiz__questions">
            <column name="questions_id" type="bigint">
                <constraints nullable="false"/>
            </column>
            <column name="quiz_id" type="bigint">
                <constraints nullable="false"/>
            </column>
        </createTable>

        <addPrimaryKey columnNames="quiz_id, questions_id" tableName="rel_quiz__questions"/>
    </changeSet>

    <!-- jhipster-needle-liquibase-add-changeset - JHipster will add changesets here -->

    <!--
        Load sample data generated with Faker.js
        - This data can be easily edited using a CSV editor (or even MS Excel) and
          is located in the 'src/main/resources/config/liquibase/fake-data' directory
        - By default this data is applied when running with the JHipster 'dev' profile.
          This can be customized by adding or removing 'faker' in the 'spring.liquibase.contexts'
          Spring Boot configuration key.
    -->
    <changeSet id="20240109180231-1-data" author="jhipster" context="faker">
        <loadData
                  file="config/liquibase/fake-data/quiz.csv"
                  separator=";"
                  tableName="quiz"
                  usePreparedStatements="true">
            <column name="id" type="numeric"/>
            <column name="quiz_type" type="string"/>
            <column name="quiz_title" type="string"/>
            <column name="quiz_description" type="clob"/>
            <column name="deadline" type="date"/>
            <column name="is_active" type="boolean"/>
            <!-- jhipster-needle-liquibase-add-loadcolumn - JHipster (and/or extensions) can add load columns here -->
        </loadData>
    </changeSet>
</databaseChangeLog>
