<?xml version="1.0" encoding="utf-8"?>
<databaseChangeLog
    xmlns="http://www.liquibase.org/xml/ns/dbchangelog"
    xmlns:ext="http://www.liquibase.org/xml/ns/dbchangelog-ext"
    xmlns:xsi="http://www.w3.org/2001/XMLSchema-instance"
    xsi:schemaLocation="http://www.liquibase.org/xml/ns/dbchangelog http://www.liquibase.org/xml/ns/dbchangelog/dbchangelog-latest.xsd
                        http://www.liquibase.org/xml/ns/dbchangelog-ext http://www.liquibase.org/xml/ns/dbchangelog/dbchangelog-ext.xsd">

    <!--
        Added the entity Progression.
    -->
    <changeSet id="20240109181231-1" author="jhipster">
        <createTable tableName="progression">
            <column name="id" type="bigint" autoIncrement="true" startWith="1500">
                <constraints primaryKey="true" nullable="false"/>
            </column>
            <column name="attendance" type="varchar(255)">
                <constraints nullable="false" />
            </column>
            <column name="justif_ref" type="varchar(255)">
                <constraints nullable="true" />
            </column>
            <column name="late_arrival" type="boolean">
                <constraints nullable="false" />
            </column>
            <column name="early_departure" type="boolean">
                <constraints nullable="false" />
            </column>
            <column name="progression_mode" type="varchar(255)">
                <constraints nullable="true" />
            </column>
            <column name="exam_type" type="varchar(255)">
                <constraints nullable="true" />
            </column>
            <column name="riwaya" type="varchar(255)">
                <constraints nullable="true" />
            </column>
            <column name="from_sourate" type="varchar(255)">
                <constraints nullable="true" />
            </column>
            <column name="to_sourate" type="varchar(255)">
                <constraints nullable="true" />
            </column>
            <column name="from_aya_num" type="integer">
                <constraints nullable="true" />
            </column>
            <column name="to_aya_num" type="integer">
                <constraints nullable="true" />
            </column>
            <column name="from_aya_verset" type="${clobType}">
                <constraints nullable="true" />
            </column>
            <column name="to_aya_verset" type="${clobType}">
                <constraints nullable="true" />
            </column>
            <column name="tilawa_type" type="varchar(255)">
                <constraints nullable="true" />
            </column>
            <column name="task_done" type="boolean">
                <constraints nullable="false" />
            </column>
            <column name="tajweed_score" type="integer">
                <constraints nullable="false" />
            </column>
            <column name="hifd_score" type="integer">
                <constraints nullable="false" />
            </column>
            <column name="adae_score" type="integer">
                <constraints nullable="false" />
            </column>
            <column name="observation" type="${clobType}">
                <constraints nullable="true" />
            </column>
            <column name="site17_id" type="bigint">
                <constraints nullable="true" />
            </column>
            <column name="session_instance_id" type="bigint">
                <constraints nullable="true" />
            </column>
            <column name="student_id" type="bigint">
                <constraints nullable="true" />
            </column>
            <!-- jhipster-needle-liquibase-add-column - JHipster will add columns here -->
        </createTable>
    </changeSet>

    <!-- jhipster-needle-liquibase-add-changeset - JHipster will add changesets here -->

    <!--
        Load sample data generated with Faker.js
        - This data can be easily edited using a CSV editor (or even MS Excel) and
          is located in the 'src/main/resources/config/liquibase/fake-data' directory
        - By default this data is applied when running with the JHipster 'dev' profile.
          This can be customized by adding or removing 'faker' in the 'spring.liquibase.contexts'
          Spring Boot configuration key.
    -->
    <changeSet id="20240109181231-1-data" author="jhipster" context="faker">
        <loadData
                  file="config/liquibase/fake-data/progression.csv"
                  separator=";"
                  tableName="progression"
                  usePreparedStatements="true">
            <column name="id" type="numeric"/>
            <column name="attendance" type="string"/>
            <column name="justif_ref" type="string"/>
            <column name="late_arrival" type="boolean"/>
            <column name="early_departure" type="boolean"/>
            <column name="progression_mode" type="string"/>
            <column name="exam_type" type="string"/>
            <column name="riwaya" type="string"/>
            <column name="from_sourate" type="string"/>
            <column name="to_sourate" type="string"/>
            <column name="from_aya_num" type="numeric"/>
            <column name="to_aya_num" type="numeric"/>
            <column name="from_aya_verset" type="clob"/>
            <column name="to_aya_verset" type="clob"/>
            <column name="tilawa_type" type="string"/>
            <column name="task_done" type="boolean"/>
            <column name="tajweed_score" type="numeric"/>
            <column name="hifd_score" type="numeric"/>
            <column name="adae_score" type="numeric"/>
            <column name="observation" type="clob"/>
            <!-- jhipster-needle-liquibase-add-loadcolumn - JHipster (and/or extensions) can add load columns here -->
        </loadData>
    </changeSet>
</databaseChangeLog>
