<?xml version="1.0" encoding="utf-8"?>
<databaseChangeLog
    xmlns="http://www.liquibase.org/xml/ns/dbchangelog"
    xmlns:ext="http://www.liquibase.org/xml/ns/dbchangelog-ext"
    xmlns:xsi="http://www.w3.org/2001/XMLSchema-instance"
    xsi:schemaLocation="http://www.liquibase.org/xml/ns/dbchangelog http://www.liquibase.org/xml/ns/dbchangelog/dbchangelog-latest.xsd
                        http://www.liquibase.org/xml/ns/dbchangelog-ext http://www.liquibase.org/xml/ns/dbchangelog/dbchangelog-ext.xsd">

    <!--
        Added the entity Course.
    -->
    <changeSet id="20240109175631-1" author="jhipster">
        <createTable tableName="course">
            <column name="id" type="bigint" autoIncrement="true" startWith="1500">
                <constraints primaryKey="true" nullable="false"/>
            </column>
            <column name="level" type="varchar(255)">
                <constraints nullable="false" />
            </column>
            <column name="title_ar" type="varchar(100)">
                <constraints nullable="false" />
            </column>
            <column name="title_lat" type="varchar(100)">
                <constraints nullable="false" />
            </column>
            <column name="description" type="${clobType}">
                <constraints nullable="true" />
            </column>
            <column name="sub_titles" type="${clobType}">
                <constraints nullable="true" />
            </column>
            <column name="requirements" type="${clobType}">
                <constraints nullable="true" />
            </column>
            <column name="options" type="${clobType}">
                <constraints nullable="true" />
            </column>
            <column name="duration" type="integer">
                <constraints nullable="true" />
            </column>
            <column name="image_link" type="${blobType}">
                <constraints nullable="true" />
            </column>
            <column name="image_link_content_type" type="varchar(255)">
                <constraints nullable="true" />
            </column>
            <column name="video_link" type="${clobType}">
                <constraints nullable="true" />
            </column>
            <column name="price" type="double">
                <constraints nullable="true" />
            </column>
            <column name="is_active" type="boolean">
                <constraints nullable="true" />
            </column>
            <column name="activate_at" type="${datetimeType}">
                <constraints nullable="true" />
            </column>
            <column name="is_confirmed" type="boolean">
                <constraints nullable="true" />
            </column>
            <column name="confirmed_at" type="${datetimeType}">
                <constraints nullable="true" />
            </column>
            <column name="site1_id" type="bigint">
                <constraints nullable="true" />
            </column>
            <column name="topic3_id" type="bigint">
                <constraints nullable="true" />
            </column>
            <!-- jhipster-needle-liquibase-add-column - JHipster will add columns here -->
        </createTable>
        <dropDefaultValue tableName="course" columnName="activate_at" columnDataType="${datetimeType}"/>
        <dropDefaultValue tableName="course" columnName="confirmed_at" columnDataType="${datetimeType}"/>
    </changeSet>

    <changeSet id="20240109175631-1-relations" author="jhipster">

        <createTable tableName="rel_course__professors">
            <column name="professors_id" type="bigint">
                <constraints nullable="false"/>
            </column>
            <column name="course_id" type="bigint">
                <constraints nullable="false"/>
            </column>
        </createTable>

        <addPrimaryKey columnNames="course_id, professors_id" tableName="rel_course__professors"/>
    </changeSet>

    <!-- jhipster-needle-liquibase-add-changeset - JHipster will add changesets here -->

    <!--
        Load sample data generated with Faker.js
        - This data can be easily edited using a CSV editor (or even MS Excel) and
          is located in the 'src/main/resources/config/liquibase/fake-data' directory
        - By default this data is applied when running with the JHipster 'dev' profile.
          This can be customized by adding or removing 'faker' in the 'spring.liquibase.contexts'
          Spring Boot configuration key.
    -->
    <changeSet id="20240109175631-1-data" author="jhipster" context="faker">
        <loadData
                  file="config/liquibase/fake-data/course.csv"
                  separator=";"
                  tableName="course"
                  usePreparedStatements="true">
            <column name="id" type="numeric"/>
            <column name="level" type="string"/>
            <column name="title_ar" type="string"/>
            <column name="title_lat" type="string"/>
            <column name="description" type="clob"/>
            <column name="sub_titles" type="clob"/>
            <column name="requirements" type="clob"/>
            <column name="options" type="clob"/>
            <column name="duration" type="numeric"/>
            <column name="image_link" type="blob"/>
            <column name="image_link_content_type" type="string"/>
            <column name="video_link" type="clob"/>
            <column name="price" type="numeric"/>
            <column name="is_active" type="boolean"/>
            <column name="activate_at" type="date"/>
            <column name="is_confirmed" type="boolean"/>
            <column name="confirmed_at" type="date"/>
            <!-- jhipster-needle-liquibase-add-loadcolumn - JHipster (and/or extensions) can add load columns here -->
        </loadData>
    </changeSet>
</databaseChangeLog>
