<?xml version="1.0" encoding="utf-8"?>
<databaseChangeLog
    xmlns="http://www.liquibase.org/xml/ns/dbchangelog"
    xmlns:ext="http://www.liquibase.org/xml/ns/dbchangelog-ext"
    xmlns:xsi="http://www.w3.org/2001/XMLSchema-instance"
    xsi:schemaLocation="http://www.liquibase.org/xml/ns/dbchangelog http://www.liquibase.org/xml/ns/dbchangelog/dbchangelog-latest.xsd
                        http://www.liquibase.org/xml/ns/dbchangelog-ext http://www.liquibase.org/xml/ns/dbchangelog/dbchangelog-ext.xsd">

    <!--
        Added the entity UserCustom.
    -->
    <changeSet id="20240109175431-1" author="jhipster">
        <createTable tableName="user_custom1">
            <column name="id" type="bigint" autoIncrement="true" startWith="1500">
                <constraints primaryKey="true" nullable="false"/>
            </column>
            <column name="first_name" type="varchar(50)">
                <constraints nullable="false" />
            </column>
            <column name="last_name" type="varchar(50)">
                <constraints nullable="false" />
            </column>
            <column name="code" type="varchar(100)">
                <constraints nullable="true" unique="true" uniqueConstraintName="ux_user_custom1__code" />
            </column>
            <column name="account_name" type="varchar(50)">
                <constraints nullable="false" />
            </column>
            <column name="role" type="varchar(255)">
                <constraints nullable="false" />
            </column>
            <column name="account_status" type="varchar(255)">
                <constraints nullable="false" />
            </column>
            <column name="phone_number_1" type="varchar(50)">
                <constraints nullable="false" />
            </column>
            <column name="phone_numver_2" type="varchar(50)">
                <constraints nullable="true" />
            </column>
            <column name="sex" type="varchar(255)">
                <constraints nullable="false" />
            </column>
            <column name="birthdate" type="date">
                <constraints nullable="false" />
            </column>
            <column name="photo" type="${BINARY(16)Type}">
                <constraints nullable="true" />
            </column>
            <column name="photo_content_type" type="varchar(255)">
                <constraints nullable="true" />
            </column>
            <column name="address" type="${clobType}">
                <constraints nullable="true" />
            </column>
            <column name="facebook" type="varchar(255)">
                <constraints nullable="true" />
            </column>
            <column name="telegram_user_custom1_id" type="varchar(255)">
                <constraints nullable="true" />
            </column>
            <column name="telegram_user_custom1_name" type="varchar(255)">
                <constraints nullable="true" />
            </column>
            <column name="biography" type="${clobType}">
                <constraints nullable="true" />
            </column>
            <column name="bank_account_details" type="${clobType}">
                <constraints nullable="true" />
            </column>
            <column name="user_id" type="bigint">
                <constraints nullable="true" unique="true" uniqueConstraintName="ux_user_custom1__user_id" />
            </column>
            <column name="site13_id" type="bigint">
                <constraints nullable="true" />
            </column>
            <column name="country_id" type="bigint">
                <constraints nullable="true" />
            </column>
            <column name="nationality_id" type="bigint">
                <constraints nullable="true" />
            </column>
            <column name="job_id" type="bigint">
                <constraints nullable="true" />
            </column>
            <column name="departement2_id" type="bigint">
                <constraints nullable="true" />
            </column>
            <!-- jhipster-needle-liquibase-add-column - JHipster will add columns here -->
        </createTable>
    </changeSet>

    <changeSet id="20240109175431-1-relations" author="jhipster">

        <createTable tableName="rel_user_custom1__diplomas">
            <column name="diplomas_id" type="bigint">
                <constraints nullable="false"/>
            </column>
            <column name="user_custom1_id" type="bigint">
                <constraints nullable="false"/>
            </column>
        </createTable>

        <addPrimaryKey columnNames="user_custom1_id, diplomas_id" tableName="rel_user_custom1__diplomas"/>

        <createTable tableName="rel_user_custom1__languages">
            <column name="languages_id" type="bigint">
                <constraints nullable="false"/>
            </column>
            <column name="user_custom1_id" type="bigint">
                <constraints nullable="false"/>
            </column>
        </createTable>

        <addPrimaryKey columnNames="user_custom1_id, languages_id" tableName="rel_user_custom1__languages"/>
    </changeSet>

    <!-- jhipster-needle-liquibase-add-changeset - JHipster will add changesets here -->

    <!--
        Load sample data generated with Faker.js
        - This data can be easily edited using a CSV editor (or even MS Excel) and
          is located in the 'src/main/resources/config/liquibase/fake-data' directory
        - By default this data is applied when running with the JHipster 'dev' profile.
          This can be customized by adding or removing 'faker' in the 'spring.liquibase.contexts'
          Spring Boot configuration key.
    -->
    <changeSet id="20240109175431-1-data" author="jhipster" context="faker">
        <loadData
                  file="config/liquibase/fake-data/user_custom1.csv"
                  separator=";"
                  tableName="user_custom1"
                  usePreparedStatements="true">
            <column name="id" type="numeric"/>
            <column name="first_name" type="string"/>
            <column name="last_name" type="string"/>
            <column name="code" type="string"/>
            <column name="account_name" type="string"/>
            <column name="role" type="string"/>
            <column name="account_status" type="string"/>
            <column name="phone_number_1" type="string"/>
            <column name="phone_numver_2" type="string"/>
            <column name="sex" type="string"/>
            <column name="birthdate" type="date"/>
            <column name="photo" type="BINARY(16)"/>
            <column name="photo_content_type" type="string"/>
            <column name="address" type="clob"/>
            <column name="facebook" type="string"/>
            <column name="telegram_user_custom1_id" type="string"/>
            <column name="telegram_user_custom1_name" type="string"/>
            <column name="biography" type="clob"/>
            <column name="bank_account_details" type="clob"/>
            <!-- jhipster-needle-liquibase-add-loadcolumn - JHipster (and/or extensions) can add load columns here -->
        </loadData>
    </changeSet>
</databaseChangeLog>
