<?xml version="1.0" encoding="utf-8"?>
<databaseChangeLog
    xmlns="http://www.liquibase.org/xml/ns/dbchangelog"
    xmlns:ext="http://www.liquibase.org/xml/ns/dbchangelog-ext"
    xmlns:xsi="http://www.w3.org/2001/XMLSchema-instance"
    xsi:schemaLocation="http://www.liquibase.org/xml/ns/dbchangelog http://www.liquibase.org/xml/ns/dbchangelog/dbchangelog-latest.xsd
                        http://www.liquibase.org/xml/ns/dbchangelog-ext http://www.liquibase.org/xml/ns/dbchangelog/dbchangelog-ext.xsd">

    <!--
        Added the entity QuizResult.
    -->
    <changeSet id="20240109180331-1" author="jhipster">
        <createTable tableName="quiz_result">
            <column name="id" type="bigint" autoIncrement="true" startWith="1500">
                <constraints primaryKey="true" nullable="false"/>
            </column>
            <column name="result" type="double">
                <constraints nullable="false" />
            </column>
            <column name="submitted_at" type="${datetimeType}">
                <constraints nullable="false" />
            </column>
            <column name="site8_id" type="bigint">
                <constraints nullable="true" />
            </column>
            <column name="quiz_id" type="bigint">
                <constraints nullable="true" />
            </column>
            <column name="user_custom2_id" type="bigint">
                <constraints nullable="true" />
            </column>
            <!-- jhipster-needle-liquibase-add-column - JHipster will add columns here -->
        </createTable>
        <dropDefaultValue tableName="quiz_result" columnName="submitted_at" columnDataType="${datetimeType}"/>
    </changeSet>

    <!-- jhipster-needle-liquibase-add-changeset - JHipster will add changesets here -->

    <!--
        Load sample data generated with Faker.js
        - This data can be easily edited using a CSV editor (or even MS Excel) and
          is located in the 'src/main/resources/config/liquibase/fake-data' directory
        - By default this data is applied when running with the JHipster 'dev' profile.
          This can be customized by adding or removing 'faker' in the 'spring.liquibase.contexts'
          Spring Boot configuration key.
    -->
    <changeSet id="20240109180331-1-data" author="jhipster" context="faker">
        <loadData
                  file="config/liquibase/fake-data/quiz_result.csv"
                  separator=";"
                  tableName="quiz_result"
                  usePreparedStatements="true">
            <column name="id" type="numeric"/>
            <column name="result" type="numeric"/>
            <column name="submitted_at" type="date"/>
            <!-- jhipster-needle-liquibase-add-loadcolumn - JHipster (and/or extensions) can add load columns here -->
        </loadData>
    </changeSet>
</databaseChangeLog>
