<?xml version="1.0" encoding="utf-8"?>
<databaseChangeLog
    xmlns="http://www.liquibase.org/xml/ns/dbchangelog"
    xmlns:xsi="http://www.w3.org/2001/XMLSchema-instance"
    xsi:schemaLocation="http://www.liquibase.org/xml/ns/dbchangelog http://www.liquibase.org/xml/ns/dbchangelog/dbchangelog-latest.xsd">
    <!--
        Added the constraints for entity Session.
    -->
    <changeSet id="20240109181031-2" author="jhipster">

        <addForeignKeyConstraint baseColumnNames="session_id"
                                 baseTableName="rel_session__classrooms"
                                 constraintName="fk_rel_session__classrooms__session_id"
                                 referencedColumnNames="id"
                                 referencedTableName="session"
                                 />

        <addForeignKeyConstraint baseColumnNames="classrooms_id"
                                 baseTableName="rel_session__classrooms"
                                 constraintName="fk_rel_session__classrooms__classrooms_id"
                                 referencedColumnNames="id"
                                 referencedTableName="classroom"
                                 />

        <addForeignKeyConstraint baseColumnNames="session_id"
                                 baseTableName="rel_session__groups"
                                 constraintName="fk_rel_session__groups__session_id"
                                 referencedColumnNames="id"
                                 referencedTableName="session"
                                 />

        <addForeignKeyConstraint baseColumnNames="groups_id"
                                 baseTableName="rel_session__groups"
                                 constraintName="fk_rel_session__groups__groups_id"
                                 referencedColumnNames="id"
                                 referencedTableName="jhi_group"
                                 />

        <addForeignKeyConstraint baseColumnNames="session_id"
                                 baseTableName="rel_session__professors"
                                 constraintName="fk_rel_session__professors__session_id"
                                 referencedColumnNames="id"
                                 referencedTableName="session"
                                 />

        <addForeignKeyConstraint baseColumnNames="professors_id"
                                 baseTableName="rel_session__professors"
                                 constraintName="fk_rel_session__professors__professors_id"
                                 referencedColumnNames="id"
                                 referencedTableName="user_custom"
                                 />

        <addForeignKeyConstraint baseColumnNames="session_id"
                                 baseTableName="rel_session__employees"
                                 constraintName="fk_rel_session__employees__session_id"
                                 referencedColumnNames="id"
                                 referencedTableName="session"
                                 />

        <addForeignKeyConstraint baseColumnNames="employees_id"
                                 baseTableName="rel_session__employees"
                                 constraintName="fk_rel_session__employees__employees_id"
                                 referencedColumnNames="id"
                                 referencedTableName="user_custom"
                                 />

        <addForeignKeyConstraint baseColumnNames="session_id"
                                 baseTableName="rel_session__links"
                                 constraintName="fk_rel_session__links__session_id"
                                 referencedColumnNames="id"
                                 referencedTableName="session"
                                 />

        <addForeignKeyConstraint baseColumnNames="links_id"
                                 baseTableName="rel_session__links"
                                 constraintName="fk_rel_session__links__links_id"
                                 referencedColumnNames="id"
                                 referencedTableName="session_link"
                                 />

        <addForeignKeyConstraint baseColumnNames="site14_id"
                                 baseTableName="session"
                                 constraintName="fk_session__site14_id"
                                 referencedColumnNames="id"
                                 referencedTableName="site"
                                 />
    </changeSet>
</databaseChangeLog>
