<?xml version="1.0" encoding="utf-8"?>
<databaseChangeLog
    xmlns="http://www.liquibase.org/xml/ns/dbchangelog"
    xmlns:ext="http://www.liquibase.org/xml/ns/dbchangelog-ext"
    xmlns:xsi="http://www.w3.org/2001/XMLSchema-instance"
    xsi:schemaLocation="http://www.liquibase.org/xml/ns/dbchangelog http://www.liquibase.org/xml/ns/dbchangelog/dbchangelog-latest.xsd
                        http://www.liquibase.org/xml/ns/dbchangelog-ext http://www.liquibase.org/xml/ns/dbchangelog/dbchangelog-ext.xsd">

    <!--
        Added the entity Comments.
    -->
    <changeSet id="20240109174831-1" author="jhipster">
        <createTable tableName="comments">
            <column name="id" type="bigint" autoIncrement="true" startWith="1500">
                <constraints primaryKey="true" nullable="false"/>
            </column>
            <column name="pseudo_name" type="varchar(255)">
                <constraints nullable="false" />
            </column>
            <column name="type" type="varchar(255)">
                <constraints nullable="false" />
            </column>
            <column name="title" type="varchar(255)">
                <constraints nullable="false" />
            </column>
            <column name="message" type="${clobType}">
                <constraints nullable="true" />
            </column>
            <column name="jhi_like" type="boolean">
                <constraints nullable="true" />
            </column>
            <column name="dis_like" type="boolean">
                <constraints nullable="true" />
            </column>
            <column name="created_at" type="${datetimeType}">
                <constraints nullable="true" />
            </column>
            <column name="updated_at" type="${datetimeType}">
                <constraints nullable="true" />
            </column>
            <!-- jhipster-needle-liquibase-add-column - JHipster will add columns here -->
        </createTable>
        <dropDefaultValue tableName="comments" columnName="created_at" columnDataType="${datetimeType}"/>
        <dropDefaultValue tableName="comments" columnName="updated_at" columnDataType="${datetimeType}"/>
    </changeSet>

    <changeSet id="20240109174831-1-relations" author="jhipster">

        <createTable tableName="rel_comments__sessions8">
            <column name="sessions8_id" type="bigint">
                <constraints nullable="false"/>
            </column>
            <column name="comments_id" type="bigint">
                <constraints nullable="false"/>
            </column>
        </createTable>

        <addPrimaryKey columnNames="comments_id, sessions8_id" tableName="rel_comments__sessions8"/>
    </changeSet>

    <!-- jhipster-needle-liquibase-add-changeset - JHipster will add changesets here -->

    <!--
        Load sample data generated with Faker.js
        - This data can be easily edited using a CSV editor (or even MS Excel) and
          is located in the 'src/main/resources/config/liquibase/fake-data' directory
        - By default this data is applied when running with the JHipster 'dev' profile.
          This can be customized by adding or removing 'faker' in the 'spring.liquibase.contexts'
          Spring Boot configuration key.
    -->
    <changeSet id="20240109174831-1-data" author="jhipster" context="faker">
        <loadData
                  file="config/liquibase/fake-data/comments.csv"
                  separator=";"
                  tableName="comments"
                  usePreparedStatements="true">
            <column name="id" type="numeric"/>
            <column name="pseudo_name" type="string"/>
            <column name="type" type="string"/>
            <column name="title" type="string"/>
            <column name="message" type="clob"/>
            <column name="jhi_like" type="boolean"/>
            <column name="dis_like" type="boolean"/>
            <column name="created_at" type="date"/>
            <column name="updated_at" type="date"/>
            <!-- jhipster-needle-liquibase-add-loadcolumn - JHipster (and/or extensions) can add load columns here -->
        </loadData>
    </changeSet>
</databaseChangeLog>
