<?xml version="1.0" encoding="utf-8"?>
<databaseChangeLog
    xmlns="http://www.liquibase.org/xml/ns/dbchangelog"
    xmlns:ext="http://www.liquibase.org/xml/ns/dbchangelog-ext"
    xmlns:xsi="http://www.w3.org/2001/XMLSchema-instance"
    xsi:schemaLocation="http://www.liquibase.org/xml/ns/dbchangelog http://www.liquibase.org/xml/ns/dbchangelog/dbchangelog-latest.xsd
                        http://www.liquibase.org/xml/ns/dbchangelog-ext http://www.liquibase.org/xml/ns/dbchangelog/dbchangelog-ext.xsd">

    <!--
        Added the entity Enrolement.
    -->
    <changeSet id="20240109175931-1" author="jhipster">
        <createTable tableName="enrolement">
            <column name="id" type="bigint" autoIncrement="true" startWith="1500">
                <constraints primaryKey="true" nullable="false"/>
            </column>
            <column name="ref" type="varchar(100)">
                <constraints nullable="false" />
            </column>
            <column name="enrolement_type" type="varchar(255)">
                <constraints nullable="true" />
            </column>
            <column name="enrolment_start_time" type="${datetimeType}">
                <constraints nullable="false" />
            </column>
            <column name="enrolemnt_end_time" type="${datetimeType}">
                <constraints nullable="false" />
            </column>
            <column name="is_active" type="boolean">
                <constraints nullable="false" />
            </column>
            <column name="activated_at" type="${datetimeType}">
                <constraints nullable="true" />
            </column>
            <column name="site4_id" type="bigint">
                <constraints nullable="true" />
            </column>
            <column name="user_custom4_id" type="bigint">
                <constraints nullable="true" />
            </column>
            <column name="course_id" type="bigint">
                <constraints nullable="true" />
            </column>
            <!-- jhipster-needle-liquibase-add-column - JHipster will add columns here -->
        </createTable>
        <dropDefaultValue tableName="enrolement" columnName="enrolment_start_time" columnDataType="${datetimeType}"/>
        <dropDefaultValue tableName="enrolement" columnName="enrolemnt_end_time" columnDataType="${datetimeType}"/>
        <dropDefaultValue tableName="enrolement" columnName="activated_at" columnDataType="${datetimeType}"/>
    </changeSet>

    <!-- jhipster-needle-liquibase-add-changeset - JHipster will add changesets here -->

    <!--
        Load sample data generated with Faker.js
        - This data can be easily edited using a CSV editor (or even MS Excel) and
          is located in the 'src/main/resources/config/liquibase/fake-data' directory
        - By default this data is applied when running with the JHipster 'dev' profile.
          This can be customized by adding or removing 'faker' in the 'spring.liquibase.contexts'
          Spring Boot configuration key.
    -->
    <changeSet id="20240109175931-1-data" author="jhipster" context="faker">
        <loadData
                  file="config/liquibase/fake-data/enrolement.csv"
                  separator=";"
                  tableName="enrolement"
                  usePreparedStatements="true">
            <column name="id" type="numeric"/>
            <column name="ref" type="string"/>
            <column name="enrolement_type" type="string"/>
            <column name="enrolment_start_time" type="date"/>
            <column name="enrolemnt_end_time" type="date"/>
            <column name="is_active" type="boolean"/>
            <column name="activated_at" type="date"/>
            <!-- jhipster-needle-liquibase-add-loadcolumn - JHipster (and/or extensions) can add load columns here -->
        </loadData>
    </changeSet>
</databaseChangeLog>
