<?xml version="1.0" encoding="utf-8"?>
<databaseChangeLog
    xmlns="http://www.liquibase.org/xml/ns/dbchangelog"
    xmlns:ext="http://www.liquibase.org/xml/ns/dbchangelog-ext"
    xmlns:xsi="http://www.w3.org/2001/XMLSchema-instance"
    xsi:schemaLocation="http://www.liquibase.org/xml/ns/dbchangelog http://www.liquibase.org/xml/ns/dbchangelog/dbchangelog-latest.xsd
                        http://www.liquibase.org/xml/ns/dbchangelog-ext http://www.liquibase.org/xml/ns/dbchangelog/dbchangelog-ext.xsd">

    <!--
        Added the entity Sponsoring.
    -->
    <changeSet id="20240109181631-1" author="jhipster">
        <createTable tableName="sponsoring">
            <column name="id" type="bigint" autoIncrement="true" startWith="1500">
                <constraints primaryKey="true" nullable="false"/>
            </column>
            <column name="ref_key" type="varchar(255)">
                <constraints nullable="false" />
            </column>
            <column name="ref" type="varchar(100)">
                <constraints nullable="false" />
            </column>
            <column name="message" type="${clobType}">
                <constraints nullable="true" />
            </column>
            <column name="amount" type="double">
                <constraints nullable="false" />
            </column>
            <column name="start_date" type="date">
                <constraints nullable="true" />
            </column>
            <column name="end_date" type="date">
                <constraints nullable="true" />
            </column>
            <column name="is_always" type="boolean">
                <constraints nullable="true" />
            </column>
            <column name="site10_id" type="bigint">
                <constraints nullable="true" />
            </column>
            <column name="sponsor_id" type="bigint">
                <constraints nullable="true" />
            </column>
            <column name="project_id" type="bigint">
                <constraints nullable="true" />
            </column>
            <column name="currency_id" type="bigint">
                <constraints nullable="true" />
            </column>
            <!-- jhipster-needle-liquibase-add-column - JHipster will add columns here -->
        </createTable>
    </changeSet>

    <!-- jhipster-needle-liquibase-add-changeset - JHipster will add changesets here -->

    <!--
        Load sample data generated with Faker.js
        - This data can be easily edited using a CSV editor (or even MS Excel) and
          is located in the 'src/main/resources/config/liquibase/fake-data' directory
        - By default this data is applied when running with the JHipster 'dev' profile.
          This can be customized by adding or removing 'faker' in the 'spring.liquibase.contexts'
          Spring Boot configuration key.
    -->
    <changeSet id="20240109181631-1-data" author="jhipster" context="faker">
        <loadData
                  file="config/liquibase/fake-data/sponsoring.csv"
                  separator=";"
                  tableName="sponsoring"
                  usePreparedStatements="true">
            <column name="id" type="numeric"/>
            <column name="ref_key" type="string"/>
            <column name="ref" type="string"/>
            <column name="message" type="clob"/>
            <column name="amount" type="numeric"/>
            <column name="start_date" type="date"/>
            <column name="end_date" type="date"/>
            <column name="is_always" type="boolean"/>
            <!-- jhipster-needle-liquibase-add-loadcolumn - JHipster (and/or extensions) can add load columns here -->
        </loadData>
    </changeSet>
</databaseChangeLog>
