<?xml version="1.0" encoding="utf-8"?>
<databaseChangeLog
    xmlns="http://www.liquibase.org/xml/ns/dbchangelog"
    xmlns:ext="http://www.liquibase.org/xml/ns/dbchangelog-ext"
    xmlns:xsi="http://www.w3.org/2001/XMLSchema-instance"
    xsi:schemaLocation="http://www.liquibase.org/xml/ns/dbchangelog http://www.liquibase.org/xml/ns/dbchangelog/dbchangelog-latest.xsd
                        http://www.liquibase.org/xml/ns/dbchangelog-ext http://www.liquibase.org/xml/ns/dbchangelog/dbchangelog-ext.xsd">

    <!--
        Added the entity Payment.
    -->
    <changeSet id="20240109181831-1" author="jhipster">
        <createTable tableName="payment">
            <column name="id" type="bigint" autoIncrement="true" startWith="1500">
                <constraints primaryKey="true" nullable="false"/>
            </column>
            <column name="amount" type="double">
                <constraints nullable="false" />
            </column>
            <column name="payment_method" type="varchar(255)">
                <constraints nullable="false" />
            </column>
            <column name="paied_by" type="varchar(255)">
                <constraints nullable="false" />
            </column>
            <column name="proof" type="${blobType}">
                <constraints nullable="true" />
            </column>
            <column name="proof_content_type" type="varchar(255)">
                <constraints nullable="true" />
            </column>
            <column name="paid_at" type="${datetimeType}">
                <constraints nullable="false" />
            </column>
            <column name="type" type="varchar(255)">
                <constraints nullable="false" />
            </column>
            <column name="side" type="varchar(255)">
                <constraints nullable="false" />
            </column>
            <column name="validity_start_time" type="${datetimeType}">
                <constraints nullable="false" />
            </column>
            <column name="validity_end_time" type="${datetimeType}">
                <constraints nullable="false" />
            </column>
            <column name="details" type="${clobType}">
                <constraints nullable="true" />
            </column>
            <column name="site9_id" type="bigint">
                <constraints nullable="true" />
            </column>
            <column name="enrolment_id" type="bigint">
                <constraints nullable="true" />
            </column>
            <column name="sponsoring_id" type="bigint">
                <constraints nullable="true" />
            </column>
            <column name="session_id" type="bigint">
                <constraints nullable="true" />
            </column>
            <column name="currency_id" type="bigint">
                <constraints nullable="true" />
            </column>
            <!-- jhipster-needle-liquibase-add-column - JHipster will add columns here -->
        </createTable>
        <dropDefaultValue tableName="payment" columnName="paid_at" columnDataType="${datetimeType}"/>
        <dropDefaultValue tableName="payment" columnName="validity_start_time" columnDataType="${datetimeType}"/>
        <dropDefaultValue tableName="payment" columnName="validity_end_time" columnDataType="${datetimeType}"/>
    </changeSet>

    <!-- jhipster-needle-liquibase-add-changeset - JHipster will add changesets here -->

    <!--
        Load sample data generated with Faker.js
        - This data can be easily edited using a CSV editor (or even MS Excel) and
          is located in the 'src/main/resources/config/liquibase/fake-data' directory
        - By default this data is applied when running with the JHipster 'dev' profile.
          This can be customized by adding or removing 'faker' in the 'spring.liquibase.contexts'
          Spring Boot configuration key.
    -->
    <changeSet id="20240109181831-1-data" author="jhipster" context="faker">
        <loadData
                  file="config/liquibase/fake-data/payment.csv"
                  separator=";"
                  tableName="payment"
                  usePreparedStatements="true">
            <column name="id" type="numeric"/>
            <column name="amount" type="numeric"/>
            <column name="payment_method" type="string"/>
            <column name="paied_by" type="string"/>
            <column name="proof" type="blob"/>
            <column name="proof_content_type" type="string"/>
            <column name="paid_at" type="date"/>
            <column name="type" type="string"/>
            <column name="side" type="string"/>
            <column name="validity_start_time" type="date"/>
            <column name="validity_end_time" type="date"/>
            <column name="details" type="clob"/>
            <!-- jhipster-needle-liquibase-add-loadcolumn - JHipster (and/or extensions) can add load columns here -->
        </loadData>
    </changeSet>
</databaseChangeLog>
