<?xml version="1.0" encoding="utf-8"?>
<databaseChangeLog
    xmlns="http://www.liquibase.org/xml/ns/dbchangelog"
    xmlns:ext="http://www.liquibase.org/xml/ns/dbchangelog-ext"
    xmlns:xsi="http://www.w3.org/2001/XMLSchema-instance"
    xsi:schemaLocation="http://www.liquibase.org/xml/ns/dbchangelog http://www.liquibase.org/xml/ns/dbchangelog/dbchangelog-latest.xsd
                        http://www.liquibase.org/xml/ns/dbchangelog-ext http://www.liquibase.org/xml/ns/dbchangelog/dbchangelog-ext.xsd">

    <!--
        Added the entity Group.
    -->
    <changeSet id="20240109180831-1" author="jhipster">
        <createTable tableName="jhi_group">
            <column name="id" type="bigint" autoIncrement="true" startWith="1500">
                <constraints primaryKey="true" nullable="false"/>
            </column>
            <column name="group_type" type="varchar(255)">
                <constraints nullable="false" />
            </column>
            <column name="name_ar" type="varchar(100)">
                <constraints nullable="false" unique="true" uniqueConstraintName="ux_jhi_group__name_ar" />
            </column>
            <column name="name_lat" type="varchar(100)">
                <constraints nullable="false" unique="true" uniqueConstraintName="ux_jhi_group__name_lat" />
            </column>
            <column name="description" type="${clobType}">
                <constraints nullable="true" />
            </column>
            <column name="site11_id" type="bigint">
                <constraints nullable="true" />
            </column>
            <column name="group1_id" type="bigint">
                <constraints nullable="true" />
            </column>
            <!-- jhipster-needle-liquibase-add-column - JHipster will add columns here -->
        </createTable>
    </changeSet>

    <changeSet id="20240109180831-1-relations" author="jhipster">

        <createTable tableName="rel_jhi_group__elements">
            <column name="elements_id" type="bigint">
                <constraints nullable="false"/>
            </column>
            <column name="jhi_group_id" type="bigint">
                <constraints nullable="false"/>
            </column>
        </createTable>

        <addPrimaryKey columnNames="jhi_group_id, elements_id" tableName="rel_jhi_group__elements"/>
    </changeSet>

    <!-- jhipster-needle-liquibase-add-changeset - JHipster will add changesets here -->

    <!--
        Load sample data generated with Faker.js
        - This data can be easily edited using a CSV editor (or even MS Excel) and
          is located in the 'src/main/resources/config/liquibase/fake-data' directory
        - By default this data is applied when running with the JHipster 'dev' profile.
          This can be customized by adding or removing 'faker' in the 'spring.liquibase.contexts'
          Spring Boot configuration key.
    -->
    <changeSet id="20240109180831-1-data" author="jhipster" context="faker">
        <loadData
                  file="config/liquibase/fake-data/jhi_group.csv"
                  separator=";"
                  tableName="jhi_group"
                  usePreparedStatements="true">
            <column name="id" type="numeric"/>
            <column name="group_type" type="string"/>
            <column name="name_ar" type="string"/>
            <column name="name_lat" type="string"/>
            <column name="description" type="clob"/>
            <!-- jhipster-needle-liquibase-add-loadcolumn - JHipster (and/or extensions) can add load columns here -->
        </loadData>
    </changeSet>
</databaseChangeLog>
