id;title_ar;title_lat;description
1;down apropos;yet slushy matrix;../fake-data/blob/hipster.txt
2;hm yum;misunderstand;../fake-data/blob/hipster.txt
3;attentive eek rightfully;mallard unless;../fake-data/blob/hipster.txt
4;among peaceful cooperative;elaborate;../fake-data/blob/hipster.txt
5;fooey despite;lending flytrap;../fake-data/blob/hipster.txt
6;oh underneath;kindly sense;../fake-data/blob/hipster.txt
7;quickly gravitas;er;../fake-data/blob/hipster.txt
8;upright;ouch cursor within;../fake-data/blob/hipster.txt
9;humongous;graceful undergo accident;../fake-data/blob/hipster.txt
10;bashfully;aha;../fake-data/blob/hipster.txt
