id;name_ar;name_lat;description;localisation
1;vigorous;apud veg;../fake-data/blob/hipster.txt;ew unusual
2;midst;oof clear around;../fake-data/blob/hipster.txt;interchange bay afore
3;supposing ew soon;shoelace whistle leeway;../fake-data/blob/hipster.txt;spruce commune that
4;bewitched;victorious huzzah lest;../fake-data/blob/hipster.txt;cummerbund between always
5;amid menace when;down;../fake-data/blob/hipster.txt;glory daily
6;truly television;who;../fake-data/blob/hipster.txt;hydrolyze sensitive famously
7;till;whoa soulful;../fake-data/blob/hipster.txt;considering evil er
8;to unnatural sans;calculating incidentally;../fake-data/blob/hipster.txt;brr magnetise
9;instead;malinger by yahoo;../fake-data/blob/hipster.txt;huzzah before minus
10;sturgeon;coincide knowingly rarely;../fake-data/blob/hipster.txt;drat
