id;title_ar;title_lat;description
1;frugal well-worn apropos;digital woot;../fake-data/blob/hipster.txt
2;hence moisturise;elderberry;../fake-data/blob/hipster.txt
3;effect past;queasily;../fake-data/blob/hipster.txt
4;vice incidentally riser;maintainer;../fake-data/blob/hipster.txt
5;geez woozy;thunderstorm principal burgle;../fake-data/blob/hipster.txt
6;pish;versus once socialist;../fake-data/blob/hipster.txt
7;how;odd anenst boohoo;../fake-data/blob/hipster.txt
8;aromatic;bravely upwardly below;../fake-data/blob/hipster.txt
9;ick inasmuch unsung;whoa like what;../fake-data/blob/hipster.txt
10;rudely;owlishly our;../fake-data/blob/hipster.txt
